{
    "model": "",
    "ngpus": [
        1,
        4,
        8
    ],
    "bs": [
        32,
        64,
        96
    ],
    "metric_keys": [
        "train.total_ips",
        "val.total_ips"
    ],
    "metrics": {
        "1": {
            "32": {
                "train.total_ips": 364.9527020590611,
                "val.total_ips": 1070.9356377900374
            },
            "64": {
                "train.total_ips": 388.3987501252826,
                "val.total_ips": 1082.1425287115285
            },
            "96": {
                "train.total_ips": 399.87553525316395,
                "val.total_ips": 1229.9949008151716
            }
        },
        "4": {
            "32": {
                "train.total_ips": 1361.1577457856579,
                "val.total_ips": 4233.009598055162
            },
            "64": {
                "train.total_ips": 1467.842659953106,
                "val.total_ips": 4436.695853665094
            },
            "96": {
                "train.total_ips": 1543.6521603310043,
                "val.total_ips": 4664.7623143422925
            }
        },
        "8": {
            "32": {
                "train.total_ips": 2587.5067763533875,
                "val.total_ips": 7553.307089212685
            },
            "64": {
                "train.total_ips": 2836.021781118783,
                "val.total_ips": 8825.960906980836
            },
            "96": {
                "train.total_ips": 2916.6216173933817,
                "val.total_ips": 9203.461346769682
            }
        }
    }
}